"American Zen";2019;Atlanta, Georgia, USA
"Bayou City";2019;Houston, Texas, USA
"BoS: Brotherhood Of Silver";2019;Philadelphia, Pennsylvania, USA
"BoS: Knights";2019;Philadelphia Pennsylvania, USA
"Carnival Row";2019;Prague, Czech Republic
"Dream Pools";2019;Panama City Beach, Florida, USA
"En får væra som en er";2019;Ramton Camping, Norway
"Lykke-Per";2019;Øregaard Museum, Hellerup, Sjælland, Denmark
"Simulating Religion";2019;Boston, Massachusetts, USA
"The Calling of Lizzy McBride";2019;Yellow Creek Park, Owensboro, Kentucky, USA
"The Name of the Rose";2019;Cinecittà Studios, Cinecittà, Rome, Lazio, Italy
"The Virtues";2019;Sheffield, South Yorkshire, England, UK
"Three Knee Deep";2019;Romania
"Trust";2019;Las Vegas, Nevada, USA
"Undercover";2019;Belgium
"Zellers Reeperbahn";2019;Hamburg, Germany
1000: The Sword in the Stone;2019;Italy
2019 - Dopo la caduta di New York;2019;R.P.A. Studios, Rome, Lazio, Italy
36 Husbands;2019;Australia
3Gents: Go Large;2019;London, England, UK
75 North;2019;Mama Vicki's Coney Island Downtown 408 Huron Ave Port Huron, Michigan
8ish;2019;London, England, UK
A Desert Rose;2019;Valley of Fire, Nevada, USA
A Fat Girl's Diary;2019;New York, USA
A New Life for Lucy;2019;ICET Studios, Milan, Lombardia, Italy
A Sista's Revenge;2019;England, UK
A Yellow Raft in Blue Water;2019;Montana, USA
Aadu Jeevitham;2019;Dubai, United Arab Emirates
Ad Astra;2019;Santa Clarita, California, USA
Affluenza Unleashed;2019;Tennessee, USA
Ain't Nobody a Love Story;2019;Chicago, Illinois, USA
Aladdin;2019;England, UK
All About Love!;2019;Szczecin, Zachodniopomorskie, Poland
Altar Valley;2019;Phoenix, Arizona, USA
Aquatilis;2019;Russia
Ar Quente;2019;Faro, Algarve, Portugal
Armada de Dios;2019;Mexico
Art Officially Favored;2019;Berkeley, California, USA
Artemis;2019;Los Angeles, California, USA
Auteberry Hell;2019;Brecon Beacons, Powys, Wales, UK
Baron 3D;2019;Cairo, Egypt
Barraza;2019;Joshua Tree, California, USA
Betrayals;2019;Malta
Beyond the River Bridge;2019;Decatur, Alabama, USA
Black Chrome;2019;Oakland California, USA
Black Mountain;2019;Tasmania, Australia
Blink of an Eye;2019;Northern Michigan, USA
Boost;2019;Las Vegas, Nevada, USA
Breach;2019;Hong Kong
Brewmance;2019;Long Beach, California, USA
Bringing Down the Luck;2019;Harlem, Manhattan, New York City, New York, USA
Burning Down;2019;New York, USA
By Way of Guitar;2019;Radford Studio Center - 4024 Radford Avenue, Studio City, Los Angeles, California, USA
Cadia;2019;Hocking Hills, Ohio, USA
Cain & Abel vs. The Undead;2019;New Orleans, Louisiana, USA
Captain Marvel;2019;Los Angeles, California, USA
Caraba;2019;Berlin, Brandenburg, Germany
Casey229;2019;Kearny, New Jersey, USA
Chalk;2019;Windsor, Ontario, Canada
Chaos Walking;2019;Montréal, Québec, Canada
Charivari: A Fashion Uproar;2019;Paris, France
Cherry Malicious;2019;Cleveland, Ohio, USA
Clowning Around;2019;Los Angeles, California, USA
Confronto Inesperado;2019;Montijo, Portugal
Cosmic Brothers;2019;Boston, Massachusetts, USA
Costa Rica 3D;2019;Costa Rica
Cowboy Ninja Viking;2019;Vancouver, British Columbia, Canada
Cowboys;2019;Texas, USA
Crni;2019;Belgrade, Serbia
De utillatelige;2019;Oslo, Norway
Death;2019;White Mountain National Forest, New Hampshire, USA
Devil's Night: Dawn of the Nain Rouge;2019;Packard Plant, Detroit, Michigan, USA
Devotion;2019;Los Angeles, California, USA
Disposable Humanity;2019;Germany
Don't Mess with Texas;2019;Lake Jackson, Texas, USA
Donovan Reid;2019;Dillon Beach, California, USA
Dragon Boy;2019;Toronto, Ontario, Canada
Dragon Rider;2019;Bavaria, Germany
Dream Heights;2019;Detroit, Michigan, USA
Dumbo;2019;Cardington, Bedfordshire, England, UK
Duped: The Jezebel Experience;2019;Washington, District of Columbia, USA
Durango Falls;2019;Nashville Tennessee, USA
El Guitarrista - Salvador de Guitarras;2019;Saarland, Germany
El Secreto del Retrato;2019;Ciudad de Panamá, Panama
Emmanuel;2019;Jindabyne, New South Wales, Australia
Er-18;2019;Toronto, Ontario, Canada
Even Just;2019;San Francisco, California, USA
Father of the Nation;2019;Bangladesh
Fauna;2019;New York, USA
Felony;2019;Binghamton, New York, USA
Felony Murder;2019;Los Angeles, California, USA
Flarsky;2019;Montreal, Québec, Canada
Forræderiets Dal;2019;Kongsberg, Norway
Fundido a blanco;2019;Navarra, Spain
Geronimo's Curse;2019;Kernville, California, USA
Glass;2019;Allentown State Hospital, 1600 Hanover Ave., Allentown, Pennsylvania, USA
Godzilla: King of Monsters;2019;Atlanta, Georgia, USA
Goldberg Variations;2019;New York City, New York, USA
Golden Mask;2019;Canada
Gretel and Hansel: A New Musical;2019;Atlanta, Georgia, USA
Gut Instinct;2019;Tehachapi, California, USA
Haunted 11;2019;The Quarantine Station North Manly NSW Australia
Hearing Voices: Modulating a Revolution;2019;Culver Studios - 9336 W. Washington Blvd., Culver City, California, USA
Hellbox II: A Dimensão Negra;2019;Lisbon, Portugal
HipBeat;2019;Berlin, Germany
Hollywood Vice;2019;Hollywood, California, USA
Home Hunted;2019;Bangor, Maine, USA
Horoscope 2019 Predictions;2019;USA
House in the Hills;2019;New York, USA
How to Kill Your Roommate;2019;Michigan, USA
Hurricane: Squadron 303;2019;White Waltham Airfield, Westacott Way, White Waltham, Maidenhead, Berkshire, England, UK
I Love Zombies;2019;Colombia
I Only Want You;2019;Indiana, USA
I'm Schmacked;2019;Los Angeles, California, USA
In His Name;2019;Benton, Arkansas, USA
Into a Timeless Realm;2019;Indiana, USA
Irish Girls;2019;County Tipperary, Ireland
It: Chapter Two;2019;Mexico, Missouri, USA
Jelgava 94;2019;Jelgava, Latvia
John Pinette: I Go Now;2019;Boston, Massachusetts, USA
Jolted;2019;UK
Kroork;2019;Chapada dos Guimarães, Mato Grosso, Brazil
La Mancha Negra;2019;Málaga, Spain
Last Sacrament;2019;Johannesburg, Gauteng, South Africa
Last Shot;2019;Sicklerville, New Jersey, USA
Leading with the Heart;2019;Canada
Legend of the Sidhe: Trilogy;2019;London, England, UK
Leon Uris' Trinity;2019;Ireland
Les amis des amis;2019;Paris, France
Les années folles;2019;Gatineau, Québec, Canada
Life and Death of Kadin Black;2019;Funky Winker Bean 35 W Hastings Vancouver, Canada
Love in the Future;2019;Hartford, Connecticut, USA
Lundon's Bridge and the Three Keys;2019;Florida, USA
Mafroor the Fugitive;2019;Pakistan
Midnight Odyssey;2019;Scotland, UK
Misanthropos;2019;London, England, UK
My Cousin Sister's Wedding;2019;New York, USA
My Name Was Christian;2019;Oxford, Pennsylvania, USA
Nicholas of Myra: The Story of Saint Nicholas - The Legend Continues;2019;Buffalo, New York, USA
Nicole;2019;Los Angeles, California, USA
Noelle;2019;Vancouver, British Columbia, Canada
O homem das gavetas;2019;Recife, Pernambuco, Brazil
Oasis;2019;New York City, New York, USA
Om det oändliga;2019;Stockholm, Sweden
One Lane Road;2019;Columbia, Maryland, USA
Other World 2: Don't Forget Me;2019;Sydney, New South Wales, Australia
Our President: Rafael Correa;2019;Ecuador
Peace;2019;Vernon, British Columbia, Canada
Plus One;2019;Los Angeles, California, USA
Plymouth;2019;Plymouth, Massachusetts, USA
Prince of Peace;2019;Parque Cuitlahuac, Iztapalapa, Ciudad de México, Mexico
Princess Anna;2019;Mystic Connecticut, USA
Pro-Lifetime;2019;California, USA
Pulling Down the Sky;2019;Israel
Raquel's Legacy;2019;Houston, Texas, USA
Ravers;2019;UK
Red Harvest;2019;Alger, Washington, USA
Respect Greece;2019;Athens, Greece
River Cry;2019;Manhatten, New York, USA
Role Prey;2019;Moscow, Idaho, USA
SLUT;2019;Vancouver, British Columbia, Canada
Saturday Nights;2019;Delhi, India
Schoolhouse Rocked: The Homeschool Revolution;2019;Woodland, Washington, USA
Secrets in his Closet;2019;Atlanta Georgia, USA
Shatter;2019;Lewistown, Pennsylvania, USA
Shazam!;2019;Toronto, Ontario, Canada
Silver Thursday;2019;USA
Sojourner;2019;Casey, Illinois, USA
Soteria;2019;Swindon, Wiltshire, England, UK
Sound of Freedom;2019;Cartagena, Colombia
Spider-Man: Phantasm (Fan Film);2019;San Francisco, California, USA
SpongeBob SquarePants 3;2019;Nickelodeon Animation Studio - 231 W Olive Ave, Burbank, California, USA
Still Trying;2019;New York City, New York, USA
Strike!;2019;Winnipeg, Manitoba, Canada
Stuck in the 80's;2019;Cleveland, Ohio, USA
Stunt Guys;2019;Dubai, United Arab Emirates
Sultan of Scrape;2019;1 main St Grand Marais, Minnesota, USA
Sunset Odyssey;2019;Spain
T11 Incomplete;2019;Long Island New York, USA
Telly Costumes;2019;Los Angeles, California, USA
Ten Years Japan;2019;Tokyo, Japan
Ten Years Taiwan;2019;Taipei, Taiwan
Terminator: Infiltration;2019;Toronto, Ontario, Canada
The Almighty Street Team;2019;Los Angeles, California, USA
The Bearer of Sorrows;2019;Jujuy, Argentina
The Beast of Jersey;2019;Guernsey, Channel Islands
The Beautiful Ones Are All Mad;2019;Austin, Texas, USA
The Beauty of Sharks;2019;France
The Best Years;2019;Southampton, Hampshire, England, UK
The Birdcatcher's Son/Fågelfångarens Son;2019;Faroe Islands
The Bob Zula;2019;Austin, Texas, USA
The Contributors;2019;Vancouver, British Columbia, Canada
The Crappers: Raffle;2019;London/Dagenham, England, UK
The Dark Hobby;2019;Hawaii, USA
The Devil's Score;2019;France
The Dysfunctional Mob;2019;NYC, New York, USA
The Emperor's Gift;2019;Philippines
The Flame;2019;Sycamore Grounds Coffee, Pasadena, Texas, USA
The House on Cielo Drive;2019;Los Angeles, USA
The Human Fly;2019;Montréal, Québec, Canada
The Killer's Requiem;2019;New York City, New York, USA
The Last House on Border;2019;Mumbai, Maharashtra, India
The Last Ride;2019;San Diego, California, USA
The Legacy of Gaston Leroux: The Man Behind the Mask;2019;Los Angeles, California, USA
The Legend of the Winged Guardian;2019;Cairo, Egypt
The Lost Pearls;2019;Phnom Penh, Cambodia
The Murphy Family;2019;Rochester, New York, USA
The Only Which Way Is Out;2019;USA
The Passion of Lovers;2019;Sala, Västmanlands län, Sweden
The Past Is Never Dead: The Story of William Faulkner;2019;Oxford, Mississippi, USA
The Permanents: A Paranormal Case Study;2019;Wheeler, Oregon, USA
The Promise Cage;2019;Weston, Connecticut, USA
The Promotional rule;2019;Clovelly Harbour, Devon, England, U.K.
The Right Eye: Major Arcana;2019;San Francisco, California, USA
The Soup R Hood Heroes;2019;Philadelphia Pennsylvania, USA
The Spy Who Fell to Earth;2019;Tel Aviv, Israel
The Story of Racheltjie De Beer;2019;South Africa
The Temple of Souls;2019;Georgia
The Texas Tenors Variety Show;2019;Studio City, California, USA
The Twin Odyssey;2019;Sydney, New South Wales, Australia
The Undead;2019;USA
The Vampyre;2019;London, England, UK
The Vice-consul;2019;Buenos Aires, Federal District, Argentina
The Weeping;2019;Albuquerque, New Mexico, USA
The World's Greatest Pick Up Game;2019;Charlotte, North Carolina, USA
The Wrong House;2019;Derbyshire, England, UK
Theodore;2019;Salt Lake City, Utah, USA
Thrill Box;2019;Phoenix, Arizona, USA
Time Cave;2019;New York, USA
Tongue;2019;New Orleans, Louisiana, USA
Total Meltdown;2019;Bend, Oregon, USA
Transmission: Vol. II;2019;Toronto, Ontario, Canada
Trapped;2019;York, Nebraska, USA
Triggered;2019;Jackson, Mississippi, USA
Trip to the Moon: Retrograde;2019;Deer Park, Long Island, New York, USA
Trumpets in the Gorge;2019;Greenville, South Carolina, USA
Tupac's Brenda Got a Baby the Movie;2019;Atlanta, Georgia, USA
Twelve;2019;Hudson Valley, New York, USA
Ultra: Part 2;2019;Omsk, Russia
Um Dia Negro 2: Estrada De Sangue;2019;Lisbon, Portugal
Umami no tabi;2019;Saumur, Maine-et-Loire, France
Untitled African Nile Basin Project;2019;Lake Kivu, Rwanda
Untitled Brad Harris/Michael Preece Documentary;2019;Braunschweig, Lower Saxony, Germany
Untitled Lin Oeding Project;2019;Los Angeles, California, USA
Untitled Terminator Reboot;2019;Budapest, Hungary
Untitled Thriller;2019;Colorado, USA
Vivian;2019;Nashville, Tennessee, USA
Vulgar;2019;Kadikoy, Istanbul, Turkey
War Odyssey;2019;Spain
West Coast Gothic;2019;West Covina, California, USA
